ra,dec,sigra,sigdec,sigradec,w1mpro,w1sigmpro,w1snr,w1rchi2,w2mpro,w2sigmpro,w2snr,w2rchi2,nb,na,cc_flags,ph_qual,qual_frame,mjd,allwise_cntr,w1mpro_allwise,w1sigmpro_allwise,w2mpro_allwise,w2sigmpro_allwise,w3mpro_allwise,w3sigmpro_allwise,w4mpro_allwise,w4sigmpro_allwise,tmass_key,j_m_2mass,j_msig_2mass,h_m_2mass,h_msig_2mass,k_m_2mass,k_msig_2mass,dist,angle
178.5125121,0.5316998,0.187,0.2296,-0.0386,14.603,0.071,15.2,0.9406,14.173,0.167,6.5,0.5324,1,0,0000,AB,5,58267.24249206,1784100001351056826,14.917,0.035,14.289,0.049,11.214,0.166,8.394,,,,,,,,,0.043576,90.946992
178.5124956,0.5317163,0.2064,0.2433,-0.0743,14.591,0.079,13.8,1.325,14.052,0.192,5.7,0.3833,1,0,0000,AB,10,57184.71554586,1784100001351056826,14.917,0.035,14.289,0.049,11.214,0.166,8.394,,,,,,,,,0.060776,344.894322
178.5125204,0.53171,0.2667,0.3329,-0.1054,14.749,0.098,11.1,1.043,14.223,0.215,5.0,1.558,1,0,0000,AB,10,57014.67925152,1784100001351056826,14.917,0.035,14.289,0.049,11.214,0.166,8.394,,,,,,,,,0.081783,63.885112
178.5124915,0.5316784,0.2271,0.306,0.064,14.729,0.091,12.0,2.043,14.292,0.208,5.2,0.7564,1,0,0000,AB,10,58472.15701823,1784100001351056826,14.917,0.035,14.289,0.049,11.214,0.166,8.394,,,,,,,,,0.083554,201.479716
178.5124945,0.5316707,0.1977,0.2407,0.0538,14.699,0.078,14.0,1.012,14.226,0.212,5.1,1.011,1,0,0000,AB,10,57015.13932462,1784100001351056826,14.917,0.035,14.289,0.049,11.214,0.166,8.394,,,,,,,,,0.107312,190.631014
178.5124956,0.531732,0.2116,0.2556,0.0875,14.563,0.078,13.9,0.8418,14.312,0.245,4.4,0.7367,1,0,0000,AB,10,57903.68603784,1784100001351056826,14.917,0.035,14.289,0.049,11.214,0.166,8.394,,,,,,,,,0.116269,352.171256
178.5125188,0.5316732,0.2993,0.3353,-0.0874,14.912,0.103,10.5,1.18,14.211,0.182,6.0,0.1524,1,0,0000,AB,10,58838.63137863,1784100001351056826,14.917,0.035,14.289,0.049,11.214,0.166,8.394,,,,,,,,,0.117843,144.951786
178.5125149,0.5316636,0.3249,0.3766,-0.1131,15.091,0.111,9.8,1.274,14.737,0.276,3.9,0.8248,1,0,0000,BB,10,60090.52433905,1784100001351056826,14.917,0.035,14.289,0.049,11.214,0.166,8.394,,,,,,,,,0.141585,157.739584
178.512483,0.5316622,0.2283,0.247,-0.0697,14.586,0.077,14.2,0.5368,14.314,0.209,5.2,0.7637,1,0,0000,AB,10,58107.97487456,1784100001351056826,14.917,0.035,14.289,0.049,11.214,0.166,8.394,,,,,,,,,0.149219,204.214216
178.5124587,0.5316955,0.2491,0.3027,0.0613,15.012,0.1,10.9,1.019,14.22,0.161,6.8,0.9512,1,0,0000,AB,10,57542.78957208,1784100001351056826,14.917,0.035,14.289,0.049,11.214,0.166,8.394,,,,,,,,,0.149567,263.781384
178.5124557,0.5316935,0.26,0.2805,-0.1024,14.758,0.084,12.9,0.2633,14.587,0.271,4.0,0.5155,1,0,0000,AB,10,60091.36871674,1784100001351056826,14.917,0.035,14.289,0.049,11.214,0.166,8.394,,,,,,,,,0.16118,261.652378
178.5124791,0.5317463,0.2553,0.3188,0.0314,14.945,0.097,11.2,1.16,15.11,0.462,2.4,0.6287,1,0,0000,AC,10,56825.50839608,1784100001351056826,14.917,0.035,14.289,0.049,11.214,0.166,8.394,,,,,,,,,0.182872,335.706324
178.5125507,0.5316939,0.3089,0.3383,0.0709,15.089,0.113,9.6,1.102,14.425,0.213,5.1,0.5671,1,0,0000,BB,10,57376.41154476,1784100001351056826,14.917,0.035,14.289,0.049,11.214,0.166,8.394,,,,,,,,,0.183825,96.86089
178.512548,0.5316823,0.3064,0.4166,-0.1666,14.705,0.128,8.5,1.25,14.653,0.268,4.0,1.419,1,0,0000,BB,10,59934.15579853,1784100001351056826,14.917,0.035,14.289,0.049,11.214,0.166,8.394,,,,,,,,,0.184159,110.242253
178.5125401,0.531733,0.2339,0.2556,-0.072,14.704,0.079,13.7,1.273,14.218,0.242,4.5,0.4044,1,0,0000,AB,10,58267.111716,1784100001351056826,14.917,0.035,14.289,0.049,11.214,0.166,8.394,,,,,,,,,0.186959,50.546368
178.5125106,0.531647,0.2663,0.3085,0.0773,14.918,0.114,9.5,0.7414,14.486,0.256,4.2,0.7504,1,0,0000,BB,10,58472.22234258,1784100001351056826,14.917,0.035,14.289,0.049,11.214,0.166,8.394,,,,,,,,,0.194585,168.690542
178.5125487,0.5317249,0.2084,0.2868,0.0338,14.745,0.086,12.6,0.8976,14.194,0.166,6.5,1.076,1,0,0000,AB,10,57904.14432698,1784100001351056826,14.917,0.035,14.289,0.049,11.214,0.166,8.394,,,,,,,,,0.196901,62.918628
178.5124985,0.5317551,0.3072,0.3375,-0.1102,15.03,0.101,10.7,1.392,14.777,0.337,3.2,1.192,1,0,0000,AB,10,58995.49751869,1784100001351056826,14.917,0.035,14.289,0.049,11.214,0.166,8.394,,,,,,,,,0.198431,358.440676
178.5125021,0.5317552,0.3495,0.4254,-0.1441,14.967,0.138,7.8,0.6493,14.6,0.259,4.2,1.886,1,0,0000,BB,10,60090.84943271,1784100001351056826,14.917,0.035,14.289,0.049,11.214,0.166,8.394,,,,,,,,,0.198859,2.178586
178.512527,0.5317483,0.2559,0.2862,0.0768,14.792,0.094,11.6,0.9052,14.344,0.239,4.5,0.6876,1,0,0000,AB,10,56648.753537,1784100001351056826,14.917,0.035,14.289,0.049,11.214,0.166,8.394,,,,,,,,,0.199191,29.204411
178.5125613,0.5317057,0.2461,0.2729,-0.0478,14.825,0.087,12.5,1.302,14.137,0.204,5.3,0.9939,1,0,0000,AB,10,57376.73931403,1784100001351056826,14.917,0.035,14.289,0.049,11.214,0.166,8.394,,,,,,,,,0.221618,84.687382
178.5125029,0.5316382,0.221,0.2377,-0.0422,14.53,0.082,13.3,0.5755,13.979,0.189,5.7,0.5314,1,0,0000,AB,10,57543.37927428,1784100001351056826,14.917,0.035,14.289,0.049,11.214,0.166,8.394,,,,,,,,,0.222724,177.313449
178.5124673,0.5317529,0.3036,0.4019,-0.1563,14.849,0.116,9.3,0.9373,14.438,0.234,4.6,0.8789,1,0,0000,BB,10,58471.76443502,1784100001351056826,14.917,0.035,14.289,0.049,11.214,0.166,8.394,,,,,,,,,0.223887,328.278926
178.512505,0.531637,0.2425,0.3047,0.1049,14.84,0.092,11.9,1.201,14.373,0.196,5.5,0.8095,1,0,0000,AB,10,58995.43257639,1784100001351056826,14.917,0.035,14.289,0.049,11.214,0.166,8.394,,,,,,,,,0.227508,175.462422
178.5125085,0.5316364,0.3395,0.3771,0.1262,14.844,0.164,6.6,0.5365,14.352,0.195,5.6,1.191,1,0,0000,BB,5,58630.90784214,1784100001351056826,14.917,0.035,14.289,0.049,11.214,0.166,8.394,,,,,,,,,0.23099,172.387978
178.5125632,0.531715,0.2289,0.2482,-0.0346,14.545,0.08,13.5,1.439,14.435,0.43,2.5,0.5757,1,0,0000,AC,10,57740.4637758,1784100001351056826,14.917,0.035,14.289,0.049,11.214,0.166,8.394,,,,,,,,,0.233835,76.647809
178.512536,0.5316455,0.2091,0.2436,-0.043,14.631,0.08,13.5,0.6533,14.117,0.143,7.6,0.7855,1,0,0000,AB,10,57903.16229656,1784100001351056826,14.917,0.035,14.289,0.049,11.214,0.166,8.394,,,,,,,,,0.235144,146.554359
178.5125253,0.5316393,0.2711,0.3022,-0.0583,14.885,0.098,11.1,0.9871,14.627,0.231,4.7,0.6622,1,0,0000,AB,10,59726.44824911,1784100001351056826,14.917,0.035,14.289,0.049,11.214,0.166,8.394,,,,,,,,,0.236746,157.374309
178.5124584,0.5316489,0.2388,0.2564,-0.0318,14.718,0.082,13.2,0.5605,14.711,0.313,3.5,0.7419,1,0,0000,AB,10,58267.3079437,1784100001351056826,14.917,0.035,14.289,0.049,11.214,0.166,8.394,,,,,,,,,0.237204,219.147484
178.5125395,0.5317544,0.3168,0.3784,0.1303,14.857,0.115,9.4,0.3429,14.965,0.477,2.3,0.6481,1,0,0000,BC,10,58107.51671222,1784100001351056826,14.917,0.035,14.289,0.049,11.214,0.166,8.394,,,,,,,,,0.242014,35.982339
178.5124356,0.531722,0.3339,0.4126,0.0482,14.902,0.151,7.2,1.914,14.643,0.283,3.8,0.5865,1,0,0000,BB,10,59203.34733749,1784100001351056826,14.917,0.035,14.289,0.049,11.214,0.166,8.394,,,,,,,,,0.244982,288.861687
178.512562,0.5316712,0.3626,0.4013,-0.0741,15.192,0.123,8.9,0.6714,14.652,0.344,3.2,0.8229,1,0,0000,BB,10,59935.00310557,1784100001351056826,14.917,0.035,14.289,0.049,11.214,0.166,8.394,,,,,,,,,0.246098,114.916571
178.5125682,0.5316871,0.4131,0.4622,-0.127,14.679,0.144,7.5,0.9484,13.512,0.276,3.9,0.6804,1,0,0000,BB,10,57743.67320733,1784100001351056826,14.917,0.035,14.289,0.049,11.214,0.166,8.394,,,,,,,,,0.249869,100.711381
178.5125322,0.5317636,0.5553,0.6166,-0.2198,14.856,0.172,6.3,0.9002,13.629,,1.1,0.4574,1,0,0000,BU,10,57552.35506516,1784100001351056826,14.917,0.035,14.289,0.049,11.214,0.166,8.394,,,,,,,,,0.256621,26.851612
178.512563,0.5316649,0.2456,0.2908,-0.0866,14.835,0.092,11.7,1.83,14.078,0.151,7.2,0.3763,1,0,0000,AB,10,57903.81706853,1784100001351056826,14.917,0.035,14.289,0.049,11.214,0.166,8.394,,,,,,,,,0.259622,119.125102
178.5125069,0.531772,0.376,0.3431,0.1575,14.847,0.118,9.2,0.6618,14.601,0.286,3.8,0.8456,1,0,0000,BB,10,57014.54783852,1784100001351056826,14.917,0.035,14.289,0.049,11.214,0.166,8.394,,,,,,,,,0.260385,5.473894
178.5125127,0.5316283,0.3424,0.3597,0.063,15.059,0.117,9.3,0.5038,14.674,0.337,3.2,0.5404,1,0,0000,BB,5,58838.89305815,1784100001351056826,14.917,0.035,14.289,0.049,11.214,0.166,8.394,,,,,,,,,0.262139,169.955979
178.5125709,0.5316815,0.3763,0.4247,-0.1483,15.238,0.133,8.2,0.671,14.262,0.24,4.5,1.526,1,0,0000,BB,10,58471.63353146,1784100001351056826,14.917,0.035,14.289,0.049,11.214,0.166,8.394,,,,,,,,,0.263774,104.624766
178.5125435,0.5317631,0.3089,0.3751,0.1223,14.96,0.11,9.9,0.5653,14.864,0.437,2.5,0.4621,1,0,0000,BC,10,59203.41278919,1784100001351056826,14.917,0.035,14.289,0.049,11.214,0.166,8.394,,,,,,,,,0.275905,34.580525
178.5124715,0.5316274,0.2296,0.2877,-0.0491,14.663,0.085,12.8,0.7342,14.182,0.185,5.9,0.7228,1,0,0000,AB,10,57015.00791156,1784100001351056826,14.917,0.035,14.289,0.049,11.214,0.166,8.394,,,,,,,,,0.280775,201.432246
178.5125787,0.5317104,0.2464,0.2667,-0.0885,14.737,0.084,12.9,1.099,14.284,0.186,5.9,1.524,1,0,0000,AB,10,57376.28038617,1784100001351056826,14.917,0.035,14.289,0.049,11.214,0.166,8.394,,,,,,,,,0.285777,82.471809
178.5125527,0.5316365,0.3426,0.3759,-0.0696,14.997,0.112,9.7,0.6717,14.622,0.238,4.6,0.6012,1,0,0000,BB,10,58994.97479227,1784100001351056826,14.917,0.035,14.289,0.049,11.214,0.166,8.394,,,,,,,,,0.297074,140.31121
178.5125108,0.5316181,0.2931,0.295,-0.08,14.866,0.091,11.9,0.8095,14.523,0.362,3.0,0.719,1,0,0000,AC,5,59362.88794911,1784100001351056826,14.917,0.035,14.289,0.049,11.214,0.166,8.394,,,,,,,,,0.297392,172.488176
178.5125841,0.5317185,0.2307,0.2922,-0.0575,14.829,0.09,12.0,1.052,14.273,0.254,4.3,0.6015,1,0,0000,AB,5,57543.24824303,1784100001351056826,14.917,0.035,14.289,0.049,11.214,0.166,8.394,,,,,,,,,0.309991,77.593363
178.512533,0.5317798,0.2969,0.3187,-0.0602,14.883,0.112,9.7,0.9711,13.729,0.217,5.0,1.097,1,0,0000,BB,10,57740.7911622,1784100001351056826,14.917,0.035,14.289,0.049,11.214,0.166,8.394,,,,,,,,,0.310873,22.465878
178.5125711,0.531751,0.3253,0.4033,-0.105,15.087,0.112,9.7,0.889,14.695,0.318,3.4,0.7444,1,0,0000,BB,10,60091.04413243,1784100001351056826,14.917,0.035,14.289,0.049,11.214,0.166,8.394,,,,,,,,,0.314994,54.346973
178.5125741,0.5316533,0.2334,0.2348,-0.0812,14.55,0.073,15.0,1.304,14.361,0.263,4.1,0.6627,1,0,0000,AB,10,57184.3875239,1784100001351056826,14.917,0.035,14.289,0.049,11.214,0.166,8.394,,,,,,,,,0.315308,122.221449
178.5125708,0.5316482,0.2541,0.3056,-0.1149,14.934,0.099,11.0,1.336,13.843,0.151,7.2,0.3699,1,0,0000,AB,10,57543.51030492,1784100001351056826,14.917,0.035,14.289,0.049,11.214,0.166,8.394,,,,,,,,,0.315802,126.191811
178.5125467,0.5316256,0.2933,0.424,-0.0847,14.906,0.151,7.2,0.2097,14.301,0.189,5.8,0.4184,1,0,0000,BB,10,59362.56120025,1784100001351056826,14.917,0.035,14.289,0.049,11.214,0.166,8.394,,,,,,,,,0.316221,147.885104
178.5124104,0.5316977,0.2332,0.3124,0.0362,14.802,0.095,11.5,0.7564,13.904,,1.9,0.2788,1,0,0000,AU,10,58267.04626429,1784100001351056826,14.917,0.035,14.289,0.049,11.214,0.166,8.394,,,,,,,,,0.322653,268.529498
178.5124107,0.5316853,0.3201,0.33,-0.1258,14.862,0.11,9.9,0.4473,14.909,0.359,3.0,0.578,1,0,0000,BC,10,60091.23895943,1784100001351056826,14.917,0.035,14.289,0.049,11.214,0.166,8.394,,,,,,,,,0.3258,260.65177
178.5125915,0.5317016,0.2812,0.3063,-0.0802,14.98,0.1,10.8,0.7724,14.189,0.193,5.6,0.5964,1,0,0000,AB,10,59567.6670013,1784100001351056826,14.917,0.035,14.289,0.049,11.214,0.166,8.394,,,,,,,,,0.329433,88.998165
178.5125646,0.5316348,0.322,0.3566,-0.1234,14.815,0.1,10.9,1.462,14.163,,2.0,0.7208,1,0,0000,AU,10,57740.33274481,1784100001351056826,14.917,0.035,14.289,0.049,11.214,0.166,8.394,,,,,,,,,0.330407,135.266081
178.5125918,0.5317014,0.2434,0.2706,-0.091,14.794,0.086,12.7,1.161,14.219,0.198,5.5,1.115,1,0,0000,AB,10,57014.61354497,1784100001351056826,14.917,0.035,14.289,0.049,11.214,0.166,8.394,,,,,,,,,0.330507,89.126238
178.5124319,0.5317631,0.2629,0.2965,-0.086,14.683,0.087,12.5,0.6597,14.694,0.407,2.7,0.2298,1,0,0000,AC,10,57740.66025859,1784100001351056826,14.917,0.035,14.289,0.049,11.214,0.166,8.394,,,,,,,,,0.334216,312.818758
178.5124213,0.5316503,0.2413,0.2603,-0.072,14.781,0.089,12.2,1.465,13.938,0.138,7.9,1.337,1,0,0000,AB,10,58267.70065389,1784100001351056826,14.917,0.035,14.289,0.049,11.214,0.166,8.394,,,,,,,,,0.335077,237.725982
178.5125926,0.5316843,0.2154,0.2441,-0.0391,14.631,0.079,13.8,0.5384,14.294,0.202,5.4,0.7244,1,0,0000,AB,10,58107.90942278,1784100001351056826,14.917,0.035,14.289,0.049,11.214,0.166,8.394,,,,,,,,,0.338108,99.623192
178.5125629,0.5316301,0.3155,0.2926,-0.1185,14.754,0.101,10.7,1.059,14.491,0.287,3.8,0.5533,1,0,0000,AB,10,59726.77461656,1784100001351056826,14.917,0.035,14.289,0.049,11.214,0.166,8.394,,,,,,,,,0.338513,138.018543
178.5125045,0.5316047,0.2631,0.2741,-0.07,14.804,0.105,10.3,1.329,13.935,0.173,6.3,0.755,1,0,0000,AB,10,58266.8499086,1784100001351056826,14.917,0.035,14.289,0.049,11.214,0.166,8.394,,,,,,,,,0.343459,177.296657
178.5125528,0.5316203,0.2507,0.3176,0.0664,14.821,0.094,11.5,0.5946,14.541,0.332,3.3,0.5747,1,0,0000,AB,10,58995.36725205,1784100001351056826,14.917,0.035,14.289,0.049,11.214,0.166,8.394,,,,,,,,,0.344173,146.477287
178.5125875,0.5316597,0.2106,0.25,0.0835,14.594,0.076,14.4,1.814,14.83,0.407,2.7,0.7002,1,0,0000,AC,10,58838.89293079,1784100001351056826,14.917,0.035,14.289,0.049,11.214,0.166,8.394,,,,,,,,,0.346798,114.730384
178.5124948,0.5317963,0.3325,0.402,-0.081,15.158,0.123,8.8,0.7572,14.69,0.283,3.8,0.8698,1,0,0000,BB,10,59567.53635249,1784100001351056826,14.917,0.035,14.289,0.049,11.214,0.166,8.394,,,,,,,,,0.347179,356.909282
178.5125878,0.5317405,0.3682,0.4158,-0.0451,15.105,0.126,8.6,0.8396,14.44,0.284,3.8,0.7296,1,0,0000,BB,5,58472.09156653,1784100001351056826,14.917,0.035,14.289,0.049,11.214,0.166,8.394,,,,,,,,,0.348076,65.236337
178.5124497,0.5317828,0.2778,0.3023,-0.0976,14.867,0.093,11.7,1.489,14.167,0.209,5.2,0.6873,1,0,0000,AB,10,56648.68757581,1784100001351056826,14.917,0.035,14.289,0.049,11.214,0.166,8.394,,,,,,,,,0.348767,328.72292
178.5125619,0.5317762,0.2454,0.2858,0.0327,14.792,0.089,12.2,0.8779,14.487,0.286,3.8,0.5589,1,0,0000,AB,10,57740.85674138,1784100001351056826,14.917,0.035,14.289,0.049,11.214,0.166,8.394,,,,,,,,,0.353422,39.086989
178.5125217,0.5317959,0.2653,0.3149,-0.0233,14.988,0.099,11.0,1.105,14.471,0.286,3.8,0.6783,1,0,0000,AB,10,60090.97931742,1784100001351056826,14.917,0.035,14.289,0.049,11.214,0.166,8.394,,,,,,,,,0.35397,12.749495
178.5125981,0.5317106,0.3762,0.4031,0.0873,15.025,0.123,8.8,1.209,14.654,0.267,4.1,1.094,1,0,0000,BB,10,57377.13266256,1784100001351056826,14.917,0.035,14.289,0.049,11.214,0.166,8.394,,,,,,,,,0.355195,83.832682
178.5125224,0.531603,0.2403,0.278,-0.0495,14.784,0.087,12.5,1.376,14.395,0.25,4.3,0.9147,1,0,0000,AB,10,58631.62742806,1784100001351056826,14.917,0.035,14.289,0.049,11.214,0.166,8.394,,,,,,,,,0.358386,166.997296
178.5125632,0.531623,0.3235,0.3355,0.1157,14.785,0.111,9.7,0.8567,14.546,,1.5,0.4633,1,0,0000,BU,10,59203.151237,1784100001351056826,14.917,0.035,14.289,0.049,11.214,0.166,8.394,,,,,,,,,0.35861,140.622771
178.5124345,0.5316242,0.2773,0.2969,0.0906,14.72,0.092,11.8,0.6259,14.832,0.376,2.9,0.9838,1,0,0000,AC,10,56826.03481047,1784100001351056826,14.917,0.035,14.289,0.049,11.214,0.166,8.394,,,,,,,,,0.360633,220.829604
178.5125892,0.5316541,0.232,0.256,-0.0413,14.751,0.082,13.3,0.638,14.239,0.166,6.6,0.784,1,0,0000,AB,10,59362.03822376,1784100001351056826,14.917,0.035,14.289,0.049,11.214,0.166,8.394,,,,,,,,,0.36113,117.230175
178.5124667,0.5317947,0.4687,0.4645,0.2584,15.124,0.186,5.8,0.364,14.39,0.246,4.4,0.6521,1,0,0000,BB,10,57184.58426062,1784100001351056826,14.917,0.035,14.289,0.049,11.214,0.166,8.394,,,,,,,,,0.361378,340.627224
178.5125195,0.5316008,0.4095,0.5183,0.1916,15.05,0.192,5.7,0.6875,14.893,0.301,3.6,0.6771,1,0,0000,BB,10,59362.29964833,1784100001351056826,14.917,0.035,14.289,0.049,11.214,0.166,8.394,,,,,,,,,0.363957,168.879482
178.5124424,0.5316167,0.2602,0.2653,-0.0513,14.682,0.086,12.7,0.9038,14.099,0.188,5.8,0.7337,1,0,0000,AB,10,58108.10577803,1784100001351056826,14.917,0.035,14.289,0.049,11.214,0.166,8.394,,,,,,,,,0.36458,214.661797
178.512595,0.5316616,0.3213,0.3625,-0.127,14.947,0.1,10.8,1.35,14.526,,1.2,0.3713,1,0,0000,AU,10,59567.07895453,1784100001351056826,14.917,0.035,14.289,0.049,11.214,0.166,8.394,,,,,,,,,0.368869,112.009934
178.5124477,0.5316108,0.3025,0.3235,-0.1344,14.751,0.105,10.3,0.6626,14.013,0.204,5.3,0.5877,1,0,0000,AB,10,57184.12508098,1784100001351056826,14.917,0.035,14.289,0.049,11.214,0.166,8.394,,,,,,,,,0.372247,210.382995
178.512548,0.5316081,0.2877,0.3071,-0.1147,14.839,0.099,11.0,1.442,14.406,,1.5,0.6426,1,0,0000,AU,5,58995.82490425,1784100001351056826,14.917,0.035,14.289,0.049,11.214,0.166,8.394,,,,,,,,,0.373248,152.422638
178.5124521,0.5316079,0.2543,0.2899,-0.1141,14.905,0.093,11.7,1.13,13.984,0.148,7.3,0.5509,1,0,0000,AB,10,58267.56975046,1784100001351056826,14.917,0.035,14.289,0.049,11.214,0.166,8.394,,,,,,,,,0.373716,207.47734
178.5125749,0.5316265,0.258,0.2935,0.0871,14.772,0.091,12.0,1.487,14.426,0.263,4.1,0.5137,1,0,0000,AB,10,56825.17948302,1784100001351056826,14.917,0.035,14.289,0.049,11.214,0.166,8.394,,,,,,,,,0.377776,134.460723
178.5124772,0.5315971,0.569,0.6314,-0.2007,14.774,0.188,5.8,0.6456,13.544,0.394,2.8,0.5513,1,0,0000,BC,10,60094.02944292,1784100001351056826,14.917,0.035,14.289,0.049,11.214,0.166,8.394,,,,,,,,,0.379423,192.492908
178.5126061,0.5316992,0.2805,0.3344,0.0584,14.847,0.1,10.8,1.332,14.179,0.27,4.0,0.9394,1,0,0000,AB,10,58472.48414959,1784100001351056826,14.917,0.035,14.289,0.049,11.214,0.166,8.394,,,,,,,,,0.381954,90.432023
178.5124471,0.5316064,0.2358,0.2664,-0.0633,14.699,0.083,13.1,0.9729,14.206,0.193,5.6,0.5347,1,0,0000,AB,5,57904.01342355,1784100001351056826,14.917,0.035,14.289,0.049,11.214,0.166,8.394,,,,,,,,,0.387052,209.472816
178.5124538,0.5316005,0.336,0.3369,0.1153,14.965,0.105,10.4,0.7626,14.539,0.224,4.8,0.4202,1,0,0000,AB,10,57903.29319988,1784100001351056826,14.917,0.035,14.289,0.049,11.214,0.166,8.394,,,,,,,,,0.394929,204.905519
178.5126085,0.5317169,0.2743,0.3441,0.1123,15.071,0.101,10.7,1.241,15.224,0.524,2.1,0.3766,1,0,0000,AC,10,58995.23647615,1784100001351056826,14.917,0.035,14.289,0.049,11.214,0.166,8.394,,,,,,,,,0.395287,81.146352
178.5125113,0.5315906,0.2669,0.2852,-0.0819,14.758,0.088,12.3,0.9728,14.383,0.277,3.9,0.6025,1,0,0000,AB,10,58471.89521117,1784100001351056826,14.917,0.035,14.289,0.049,11.214,0.166,8.394,,,,,,,,,0.395932,174.103045
178.5125492,0.5316012,0.2151,0.2513,-0.0736,14.666,0.077,14.1,0.9773,14.543,0.234,4.6,1.057,1,0,0000,AB,10,57014.15359928,1784100001351056826,14.917,0.035,14.289,0.049,11.214,0.166,8.394,,,,,,,,,0.397337,153.528795
178.5126057,0.5316671,0.2545,0.3361,0.069,14.862,0.096,11.3,0.9616,14.648,0.336,3.2,0.7875,1,0,0000,AB,10,58471.76430771,1784100001351056826,14.917,0.035,14.289,0.049,11.214,0.166,8.394,,,,,,,,,0.398513,107.289886
178.512578,0.531618,0.2847,0.3555,0.0377,14.96,0.135,8.0,0.4885,14.034,0.213,5.1,1.218,1,0,0000,BB,10,56825.31102277,1784100001351056826,14.917,0.035,14.289,0.049,11.214,0.166,8.394,,,,,,,,,0.407409,136.433328
178.5124025,0.531759,0.2758,0.2924,0.0817,14.797,0.094,11.5,1.236,14.312,0.238,4.6,0.4983,1,0,0000,AB,10,56648.95116582,1784100001351056826,14.917,0.035,14.289,0.049,11.214,0.166,8.394,,,,,,,,,0.410252,301.180409
178.5125875,0.5316248,0.2506,0.2995,-0.0694,14.826,0.12,9.1,1.025,13.683,0.125,8.7,1.104,1,0,0000,BB,10,57184.45310285,1784100001351056826,14.917,0.035,14.289,0.049,11.214,0.166,8.394,,,,,,,,,0.415344,130.677924
178.5125787,0.5316156,0.2968,0.3762,-0.1717,14.858,0.121,9.0,1.274,,,,,1,0,0000,BX,10,57904.14445429,1784100001351056826,14.917,0.035,14.289,0.049,11.214,0.166,8.394,,,,,,,,,0.415435,137.002782
178.5125863,0.531622,0.2565,0.2983,0.0443,15.043,0.1,10.8,0.5449,14.179,0.188,5.8,0.7228,1,0,0000,AB,10,57903.75161682,1784100001351056826,14.917,0.035,14.289,0.049,11.214,0.166,8.394,,,,,,,,,0.418764,132.109254
178.5124978,0.5318168,0.2893,0.4154,-0.0051,14.935,0.114,9.5,0.4918,14.335,0.226,4.8,0.7154,1,0,0000,BB,10,59567.60167687,1784100001351056826,14.917,0.035,14.289,0.049,11.214,0.166,8.394,,,,,,,,,0.420554,358.920973
178.5125866,0.5316193,0.2502,0.2894,-0.0983,14.798,0.087,12.5,1.402,14.471,0.217,5.0,1.061,1,0,0000,AB,10,59726.83981359,1784100001351056826,14.917,0.035,14.289,0.049,11.214,0.166,8.394,,,,,,,,,0.426132,132.981475
178.512613,0.5316633,0.2802,0.2978,0.0596,14.809,0.1,10.8,0.606,13.913,,1.5,0.6766,1,0,0000,AU,5,58631.36574887,1784100001351056826,14.917,0.035,14.289,0.049,11.214,0.166,8.394,,,,,,,,,0.427703,107.99342
178.5125153,0.5315785,0.4097,0.4266,0.1737,15.081,0.186,5.9,1.076,13.925,0.184,5.9,0.715,1,0,0000,BB,10,56648.62161463,1784100001351056826,14.917,0.035,14.289,0.049,11.214,0.166,8.394,,,,,,,,,0.440853,172.82306
178.5123768,0.5317096,0.278,0.3537,-0.1197,14.606,0.142,7.6,0.5628,14.127,0.219,5.0,0.9031,1,0,0000,BB,10,57376.87047267,1784100001351056826,14.917,0.035,14.289,0.049,11.214,0.166,8.394,,,,,,,,,0.444842,274.455794
178.5125329,0.5318199,0.3389,0.3808,-0.0947,14.965,0.122,8.9,0.8099,14.252,0.227,4.8,0.9366,1,0,0000,BB,10,58108.2366815,1784100001351056826,14.917,0.035,14.289,0.049,11.214,0.166,8.394,,,,,,,,,0.447595,15.343407
178.5124804,0.5315759,0.2609,0.3245,0.022,14.995,0.095,11.4,1.169,14.974,0.346,3.1,0.8717,1,0,0000,AB,10,59362.49574859,1784100001351056826,14.917,0.035,14.289,0.049,11.214,0.166,8.394,,,,,,,,,0.452298,188.974617
178.5126216,0.5316663,0.3206,0.3528,-0.0786,15.014,0.115,9.4,0.8732,14.618,0.285,3.8,1.087,1,0,0000,BB,10,59203.2161794,1784100001351056826,14.917,0.035,14.289,0.049,11.214,0.166,8.394,,,,,,,,,0.454246,105.490717
178.5126116,0.5317658,0.3351,0.3668,-0.0414,15.076,0.125,8.7,0.7764,14.083,0.258,4.2,0.5498,1,0,0000,BB,10,58839.48174139,1784100001351056826,14.917,0.035,14.289,0.049,11.214,0.166,8.394,,,,,,,,,0.466375,59.475075
178.5126207,0.5316476,0.2515,0.2631,0.0775,14.727,0.088,12.3,0.5377,14.013,0.174,6.2,0.7476,1,0,0000,AB,10,58107.64761574,1784100001351056826,14.917,0.035,14.289,0.049,11.214,0.166,8.394,,,,,,,,,0.473681,113.468215
178.512376,0.5317457,0.2104,0.2294,0.0588,14.464,0.088,12.3,0.8085,13.287,0.133,8.2,0.3929,1,0,0000,AB,10,57903.88252023,1784100001351056826,14.917,0.035,14.289,0.049,11.214,0.166,8.394,,,,,,,,,0.475731,290.232084
178.5125548,0.531579,0.3652,0.489,-0.0623,15.038,0.143,7.6,1.204,14.597,0.286,3.8,0.9922,1,0,0000,BB,5,56825.63993582,1784100001351056826,14.917,0.035,14.289,0.049,11.214,0.166,8.394,,,,,,,,,0.478187,155.635508
178.5126318,0.5316679,0.2976,0.308,-0.0143,14.916,0.096,11.3,1.231,14.586,0.234,4.6,0.4826,1,0,0000,AB,10,59727.03553191,1784100001351056826,14.917,0.035,14.289,0.049,11.214,0.166,8.394,,,,,,,,,0.488333,103.688512
178.5126183,0.5316309,0.2301,0.2597,0.0167,14.692,0.085,12.8,1.589,14.133,0.225,4.8,0.6613,1,0,0000,AB,10,58107.51658491,1784100001351056826,14.917,0.035,14.289,0.049,11.214,0.166,8.394,,,,,,,,,0.493193,120.290625
178.5125116,0.5315612,0.2149,0.2658,0.0691,14.766,0.081,13.4,1.256,14.512,0.232,4.7,0.7999,1,0,0000,AB,10,59726.18682449,1784100001351056826,14.917,0.035,14.289,0.049,11.214,0.166,8.394,,,,,,,,,0.501418,175.222898
178.5126248,0.5316364,0.2438,0.2797,-0.0974,14.687,0.085,12.7,0.7758,14.209,0.172,6.3,0.5971,1,0,0000,AB,5,57376.14922752,1784100001351056826,14.917,0.035,14.289,0.049,11.214,0.166,8.394,,,,,,,,,0.504237,117.005088
178.5125529,0.5315702,0.2629,0.2687,-0.0387,14.769,0.084,12.9,0.9491,14.613,0.28,3.9,0.6301,1,0,0000,AB,10,60090.78449032,1784100001351056826,14.917,0.035,14.289,0.049,11.214,0.166,8.394,,,,,,,,,0.504592,157.827506
178.5125351,0.531836,0.2864,0.3231,0.0804,14.75,0.116,9.4,2.145,14.27,0.2,5.4,0.521,1,0,0000,BB,10,57376.67373473,1784100001351056826,14.917,0.035,14.289,0.049,11.214,0.166,8.394,,,,,,,,,0.50564,14.470971
178.5125903,0.5315909,0.2456,0.2641,0.0399,14.874,0.09,12.1,0.6558,14.453,0.262,4.1,0.4626,1,0,0000,AB,10,58631.49614279,1784100001351056826,14.917,0.035,14.289,0.049,11.214,0.166,8.394,,,,,,,,,0.509835,140.387299
178.5125228,0.5315595,0.3497,0.3708,-0.0785,15.012,0.109,9.9,1.08,14.977,,0.7,0.8203,1,0,0000,BU,5,59362.75717315,1784100001351056826,14.917,0.035,14.289,0.049,11.214,0.166,8.394,,,,,,,,,0.512414,170.78292
178.5126433,0.5316975,0.3495,0.5097,0.0517,14.916,0.158,6.9,0.4015,14.007,0.245,4.4,0.6834,1,0,0000,BB,10,57740.72571035,1784100001351056826,14.917,0.035,14.289,0.049,11.214,0.166,8.394,,,,,,,,,0.515932,90.999518
178.5124723,0.5315588,0.1962,0.2259,0.0578,14.623,0.073,14.8,0.6424,14.563,0.285,3.8,0.6815,1,0,0000,AB,10,57014.87649847,1784100001351056826,14.917,0.035,14.289,0.049,11.214,0.166,8.394,,,,,,,,,0.518006,191.09862
178.5123838,0.5316147,0.239,0.2806,0.0811,14.85,0.091,12.0,0.7,13.905,0.161,6.7,0.4506,1,0,0000,AB,10,57903.42423058,1784100001351056826,14.917,0.035,14.289,0.049,11.214,0.166,8.394,,,,,,,,,0.518917,233.717207
178.5126308,0.5317608,0.2278,0.2543,0.0679,14.599,0.098,11.1,1.349,14.437,0.246,4.4,0.4383,1,0,0000,AB,10,56825.77160354,1784100001351056826,14.917,0.035,14.289,0.049,11.214,0.166,8.394,,,,,,,,,0.519245,65.068553
178.5126083,0.5316034,0.2604,0.304,-0.0148,14.743,0.091,11.9,0.767,13.966,,2.0,0.9419,1,0,0000,AU,10,56648.81937082,1784100001351056826,14.917,0.035,14.289,0.049,11.214,0.166,8.394,,,,,,,,,0.522428,131.733126
178.5124882,0.5315546,0.2626,0.3217,-0.0461,14.761,0.097,11.2,0.932,14.17,0.164,6.6,0.5046,1,0,0000,AB,10,57543.44472593,1784100001351056826,14.917,0.035,14.289,0.049,11.214,0.166,8.394,,,,,,,,,0.52516,184.639497
178.5126459,0.531708,0.2774,0.3261,-0.1206,14.811,0.093,11.7,1.291,14.642,0.285,3.8,0.5681,1,0,0000,AB,10,57542.92060277,1784100001351056826,14.917,0.035,14.289,0.049,11.214,0.166,8.394,,,,,,,,,0.526005,86.861361
178.5124914,0.531554,0.2623,0.2975,0.0807,14.862,0.094,11.5,0.8086,14.027,0.245,4.4,0.9296,1,0,0000,AB,10,56648.75340963,1784100001351056826,14.917,0.035,14.289,0.049,11.214,0.166,8.394,,,,,,,,,0.526508,183.370917
178.5124595,0.5315579,0.3333,0.3781,0.0735,15.123,0.149,7.3,0.8234,15.076,0.404,2.7,1.087,1,0,0000,BC,10,59726.31785509,1784100001351056826,14.917,0.035,14.289,0.049,11.214,0.166,8.394,,,,,,,,,0.531926,195.907461
178.5125974,0.5315861,0.3486,0.3531,0.0858,15.096,0.116,9.3,0.605,14.26,0.243,4.5,0.7203,1,0,0000,BB,10,58631.16901201,1784100001351056826,14.917,0.035,14.289,0.049,11.214,0.166,8.394,,,,,,,,,0.539508,139.466271
178.5125342,0.5315533,0.2585,0.2914,0.0969,14.921,0.093,11.7,1.284,14.729,0.272,4.0,1.031,1,0,0000,AB,5,57014.74495807,1784100001351056826,14.917,0.035,14.289,0.049,11.214,0.166,8.394,,,,,,,,,0.542277,166.877635
178.5126392,0.5317576,0.2524,0.2851,-0.0189,14.909,0.094,11.5,0.7143,14.432,0.182,6.0,0.4522,1,0,0000,AB,10,58631.23497296,1784100001351056826,14.917,0.035,14.289,0.049,11.214,0.166,8.394,,,,,,,,,0.542311,67.519693
178.5126042,0.5318108,0.28,0.3016,-0.1032,14.861,0.092,11.7,0.8631,14.404,0.261,4.2,0.4797,1,0,0000,AB,10,56825.90314332,1784100001351056826,14.917,0.035,14.289,0.049,11.214,0.166,8.394,,,,,,,,,0.547547,43.240473
178.5126392,0.5316362,0.2111,0.2264,-0.0653,14.577,0.069,15.7,1.027,14.303,0.267,4.1,0.5491,1,0,0000,AB,10,57014.41642543,1784100001351056826,14.917,0.035,14.289,0.049,11.214,0.166,8.394,,,,,,,,,0.551227,114.624498
178.5125207,0.5318525,0.2252,0.2714,-0.0322,14.736,0.085,12.7,1.123,14.141,0.194,5.6,0.6477,1,0,0000,AB,10,57184.84683105,1784100001351056826,14.917,0.035,14.289,0.049,11.214,0.166,8.394,,,,,,,,,0.55403,7.729626
178.512403,0.5318198,0.4404,0.5486,0.1476,14.649,0.164,6.6,0.6255,14.479,0.47,2.3,0.8268,1,0,0000,BC,10,57743.60762815,1784100001351056826,14.917,0.035,14.289,0.049,11.214,0.166,8.394,,,,,,,,,0.554916,321.00471
178.5126059,0.5315879,0.2528,0.2986,-0.0577,14.805,0.09,12.1,1.38,14.433,0.288,3.8,0.6855,1,0,0000,AB,10,58107.38568139,1784100001351056826,14.917,0.035,14.289,0.049,11.214,0.166,8.394,,,,,,,,,0.555154,136.630305
178.512647,0.5316515,0.2156,0.2464,-0.0788,14.601,0.075,14.4,1.125,14.446,0.215,5.1,1.15,1,0,0000,AB,10,57184.97798892,1784100001351056826,14.917,0.035,14.289,0.049,11.214,0.166,8.394,,,,,,,,,0.557235,108.260108
178.5126556,0.5317022,0.2041,0.2668,0.0681,14.51,0.081,13.3,1.105,14.39,0.253,4.3,1.013,1,0,0000,AB,10,58631.0386181,1784100001351056826,14.917,0.035,14.289,0.049,11.214,0.166,8.394,,,,,,,,,0.560194,89.189924
178.5125433,0.5315502,0.2362,0.2746,-0.0493,14.642,0.086,12.6,0.4945,14.013,0.229,4.7,0.7281,1,0,0000,AB,10,57741.1842551,1784100001351056826,14.917,0.035,14.289,0.049,11.214,0.166,8.394,,,,,,,,,0.561356,163.87861
178.5125923,0.5318262,0.3783,0.422,-0.0892,14.927,0.133,8.1,0.6883,13.739,,1.6,0.4202,1,0,0000,BU,10,57743.93514192,1784100001351056826,14.917,0.035,14.289,0.049,11.214,0.166,8.394,,,,,,,,,0.562852,36.179769
178.5125663,0.5315571,0.249,0.279,-0.0535,14.683,0.086,12.7,0.3778,14.481,0.231,4.7,0.5923,1,0,0000,AB,10,59362.43042429,1784100001351056826,14.917,0.035,14.289,0.049,11.214,0.166,8.394,,,,,,,,,0.567108,155.111489
178.5124857,0.5315426,0.1975,0.2244,0.0693,14.716,0.077,14.1,0.8469,14.021,0.153,7.1,0.9118,1,0,0000,AB,10,57184.25636612,1784100001351056826,14.917,0.035,14.289,0.049,11.214,0.166,8.394,,,,,,,,,0.56897,185.190925
178.5124948,0.5315374,0.2963,0.3177,0.056,14.948,0.099,11.0,1.034,15.177,0.466,2.3,0.4029,1,0,0000,AC,5,59362.56107294,1784100001351056826,14.917,0.035,14.289,0.049,11.214,0.166,8.394,,,,,,,,,0.585661,181.831634
178.5126045,0.5315753,0.2862,0.3162,0.1058,14.72,0.094,11.6,0.5798,14.886,0.442,2.5,1.15,1,0,0000,AC,10,56648.62174194,1784100001351056826,14.917,0.035,14.289,0.049,11.214,0.166,8.394,,,,,,,,,0.585701,140.037828
178.5126627,0.5316752,0.2493,0.2685,-0.0744,14.816,0.086,12.7,1.322,14.359,0.203,5.4,0.688,1,0,0000,AB,10,58631.30029723,1784100001351056826,14.917,0.035,14.289,0.049,11.214,0.166,8.394,,,,,,,,,0.592461,98.667124
178.5126382,0.5316049,0.2939,0.3231,-0.1061,14.997,0.098,11.1,1.143,14.481,0.21,5.2,0.5192,1,0,0000,AB,10,59362.69184885,1784100001351056826,14.917,0.035,14.289,0.049,11.214,0.166,8.394,,,,,,,,,0.603918,124.5343
178.5126684,0.5317134,0.3382,0.3621,-0.139,15.062,0.109,10.0,1.336,14.71,0.344,3.2,0.8059,1,0,0000,AB,5,59934.61230521,1784100001351056826,14.917,0.035,14.289,0.049,11.214,0.166,8.394,,,,,,,,,0.608127,85.450225
178.5125628,0.5315424,0.3678,0.4555,-0.1777,15.103,0.123,8.8,0.9733,14.714,0.354,3.1,0.7399,1,0,0000,BB,10,59202.88968469,1784100001351056826,14.917,0.035,14.289,0.049,11.214,0.166,8.394,,,,,,,,,0.610739,158.274695
178.5125447,0.5315355,0.2363,0.2526,-0.0888,14.64,0.08,13.6,1.028,14.261,0.209,5.2,0.8656,1,0,0000,AB,10,58107.843971,1784100001351056826,14.917,0.035,14.289,0.049,11.214,0.166,8.394,,,,,,,,,0.613671,164.798568
178.5125482,0.531536,0.4065,0.4416,0.1161,15.101,0.158,6.9,1.091,14.574,0.3,3.6,0.6603,1,0,0000,BB,10,58631.43120051,1784100001351056826,14.917,0.035,14.289,0.049,11.214,0.166,8.394,,,,,,,,,0.61537,163.622476
178.5126701,0.5316687,0.268,0.2879,0.131,14.742,0.097,11.2,0.6276,14.267,0.169,6.4,1.1,1,0,0000,AB,10,57543.18266403,1784100001351056826,14.917,0.035,14.289,0.049,11.214,0.166,8.394,,,,,,,,,0.622612,100.426768
178.5125797,0.5315464,0.3037,0.3329,0.1338,14.914,0.116,9.4,0.8281,14.214,0.163,6.6,0.6459,1,0,0000,BB,10,57543.44485324,1784100001351056826,14.917,0.035,14.289,0.049,11.214,0.166,8.394,,,,,,,,,0.62296,152.577103
178.5125864,0.5315481,0.4156,0.4242,0.1077,15.089,0.142,7.7,0.5227,14.273,0.236,4.6,0.4983,1,0,0000,BB,10,58839.350838,1784100001351056826,14.917,0.035,14.289,0.049,11.214,0.166,8.394,,,,,,,,,0.629102,150.370046
178.512675,0.5317001,0.2787,0.2596,0.0416,14.682,0.084,12.9,0.9216,14.08,0.188,5.8,0.434,1,0,0000,AB,10,57903.5551339,1784100001351056826,14.917,0.035,14.289,0.049,11.214,0.166,8.394,,,,,,,,,0.629972,89.967257
178.5126065,0.5315611,0.2967,0.3374,-0.1086,14.999,0.106,10.2,0.8757,13.997,0.201,5.4,0.8209,1,0,0000,AB,10,58838.76215466,1784100001351056826,14.917,0.035,14.289,0.049,11.214,0.166,8.394,,,,,,,,,0.6301,142.522413
178.5124277,0.5315393,0.2347,0.2944,0.0873,14.86,0.093,11.7,1.187,13.943,0.262,4.1,0.4545,1,0,0000,AB,10,57903.2933272,1784100001351056826,14.917,0.035,14.289,0.049,11.214,0.166,8.394,,,,,,,,,0.634373,204.222375
178.5123253,0.5316742,0.3204,0.2874,0.0903,14.909,0.112,9.7,0.9428,14.079,0.187,5.8,1.128,1,0,0000,BB,10,58472.22246994,1784100001351056826,14.917,0.035,14.289,0.049,11.214,0.166,8.394,,,,,,,,,0.635712,261.598826
178.5126171,0.5315678,0.2467,0.2864,0.1112,14.754,0.09,12.1,0.5289,14.158,0.17,6.4,0.6668,1,0,0000,AB,10,57903.62058556,1784100001351056826,14.917,0.035,14.289,0.049,11.214,0.166,8.394,,,,,,,,,0.635764,138.467371
178.5125029,0.5315232,0.2292,0.2835,-0.0173,14.891,0.09,12.0,0.688,14.42,0.197,5.5,0.3339,1,0,0000,AB,10,57543.31369471,1784100001351056826,14.917,0.035,14.289,0.049,11.214,0.166,8.394,,,,,,,,,0.636566,179.060318
178.5125934,0.5315484,0.483,0.5472,-0.1973,14.98,0.155,7.0,0.7586,14.363,0.47,2.3,0.832,1,0,0000,BC,10,57743.54217634,1784100001351056826,14.917,0.035,14.289,0.049,11.214,0.166,8.394,,,,,,,,,0.641018,148.364087
178.5126781,0.5316862,0.2623,0.2814,-0.0895,14.848,0.088,12.3,0.6636,14.31,0.248,4.4,0.4959,1,0,0000,AB,10,58267.43884713,1784100001351056826,14.917,0.035,14.289,0.049,11.214,0.166,8.394,,,,,,,,,0.643055,94.430875
178.5124961,0.5315207,0.3381,0.4086,-0.0644,14.998,0.126,8.6,0.979,14.438,0.268,4.0,0.7595,1,0,0000,BB,10,60091.23883207,1784100001351056826,14.917,0.035,14.289,0.049,11.214,0.166,8.394,,,,,,,,,0.645636,181.246005
178.5126693,0.5316401,0.2667,0.3625,0.0678,14.884,0.107,10.2,0.8132,14.258,0.189,5.7,1.155,1,0,0000,AB,10,58631.75820396,1784100001351056826,14.917,0.035,14.289,0.049,11.214,0.166,8.394,,,,,,,,,0.646477,109.485054
178.5126181,0.5315635,0.2663,0.3021,-0.1153,14.708,0.087,12.4,1.507,14.594,0.254,4.3,0.6741,1,0,0000,AB,10,56826.16635016,1784100001351056826,14.917,0.035,14.289,0.049,11.214,0.166,8.394,,,,,,,,,0.649785,139.134812
178.5125683,0.5315326,0.2635,0.3474,0.0626,14.943,0.1,10.8,0.9938,14.623,0.393,2.8,0.6816,1,0,0000,AC,10,58839.61251745,1784100001351056826,14.917,0.035,14.289,0.049,11.214,0.166,8.394,,,,,,,,,0.650867,157.805168
178.5125089,0.531519,0.3056,0.2923,0.0605,14.877,0.105,10.3,1.044,14.111,0.167,6.5,0.7673,1,0,0000,AB,10,58472.6150531,1784100001351056826,14.917,0.035,14.289,0.049,11.214,0.166,8.394,,,,,,,,,0.65239,177.185082
178.5126662,0.5316255,0.2841,0.3002,-0.0805,14.968,0.104,10.5,0.9631,14.553,0.245,4.4,0.5504,1,0,0000,AB,10,59362.16899978,1784100001351056826,14.917,0.035,14.289,0.049,11.214,0.166,8.394,,,,,,,,,0.655661,114.145472
178.5126737,0.5316415,0.3838,0.3975,0.1529,15.33,0.132,8.2,0.6476,14.571,0.218,5.0,0.7285,1,0,0000,BB,10,58995.23634878,1784100001351056826,14.917,0.035,14.289,0.049,11.214,0.166,8.394,,,,,,,,,0.659805,108.613631
178.5125866,0.5315383,0.2817,0.3078,-0.0748,14.744,0.095,11.4,1.017,13.903,0.213,5.1,0.5664,1,0,0000,AB,10,57740.92219318,1784100001351056826,14.917,0.035,14.289,0.049,11.214,0.166,8.394,,,,,,,,,0.660342,151.829319
178.5126183,0.5315598,0.2822,0.3003,-0.1172,14.77,0.087,12.5,0.8603,14.504,,1.2,0.891,1,0,0000,AU,10,56648.55578081,1784100001351056826,14.917,0.035,14.289,0.049,11.214,0.166,8.394,,,,,,,,,0.660377,139.843723
178.5125375,0.5315202,0.2956,0.3115,-0.1334,14.868,0.096,11.3,0.8994,14.502,0.305,3.6,0.6173,1,0,0000,AB,10,58995.95568025,1784100001351056826,14.917,0.035,14.289,0.049,11.214,0.166,8.394,,,,,,,,,0.661207,168.219479
178.5125197,0.5315171,0.3105,0.3579,-0.1423,14.954,0.109,10.0,0.7099,14.199,0.197,5.5,1.222,1,0,0000,AB,10,57376.60815538,1784100001351056826,14.917,0.035,14.289,0.049,11.214,0.166,8.394,,,,,,,,,0.662249,173.852684
178.5126309,0.5315666,0.2535,0.282,-0.0678,14.754,0.084,12.8,1.375,14.103,0.289,3.8,0.4684,1,0,0000,AB,10,58266.71900522,1784100001351056826,14.917,0.035,14.289,0.049,11.214,0.166,8.394,,,,,,,,,0.672813,135.543174
178.5126145,0.5315514,0.2457,0.2626,0.0916,14.738,0.085,12.7,0.979,14.789,0.437,2.5,0.7772,1,0,0000,AC,5,58267.17716773,1784100001351056826,14.917,0.035,14.289,0.049,11.214,0.166,8.394,,,,,,,,,0.675336,142.386045
178.5126848,0.5317324,0.2567,0.2874,-0.0846,14.819,0.086,12.7,0.6853,14.851,0.338,3.2,0.8674,1,0,0000,AB,10,59727.16554389,1784100001351056826,14.917,0.035,14.289,0.049,11.214,0.166,8.394,,,,,,,,,0.675399,80.055285
178.5124948,0.5315085,0.3081,0.4535,-0.0737,14.848,0.11,9.8,0.9132,14.843,0.443,2.4,0.2162,1,0,0000,BC,10,59203.73966584,1784100001351056826,14.917,0.035,14.289,0.049,11.214,0.166,8.394,,,,,,,,,0.689655,181.555363
178.512647,0.5315764,0.3333,0.371,-0.0957,15.066,0.111,9.8,0.7566,14.515,0.287,3.8,0.721,1,0,0000,BB,5,58839.21955262,1784100001351056826,14.917,0.035,14.289,0.049,11.214,0.166,8.394,,,,,,,,,0.691386,130.058885
178.5126657,0.5318049,0.2959,0.3241,-0.096,14.935,0.097,11.2,0.6734,14.519,0.287,3.8,0.6169,1,0,0000,AB,10,59934.4168414,1784100001351056826,14.917,0.035,14.289,0.049,11.214,0.166,8.394,,,,,,,,,0.705989,57.662136
178.512681,0.5316243,0.2182,0.264,-0.051,14.519,0.094,11.6,1.111,14.052,0.226,4.8,0.7875,1,0,0000,AB,5,57183.9937958,1784100001351056826,14.917,0.035,14.289,0.049,11.214,0.166,8.394,,,,,,,,,0.706269,112.697122
178.5124709,0.531503,0.2982,0.3296,0.0333,14.734,0.1,10.8,0.9796,14.357,0.215,5.1,0.9425,1,0,0000,AB,10,58108.36758549,1784100001351056826,14.917,0.035,14.289,0.049,11.214,0.166,8.394,,,,,,,,,0.716897,188.402368
178.5126497,0.5315663,0.3329,0.4451,0.1703,14.848,0.112,9.7,1.186,14.734,0.274,4.0,0.9771,1,0,0000,BB,10,58995.56284299,1784100001351056826,14.917,0.035,14.289,0.049,11.214,0.166,8.394,,,,,,,,,0.722548,131.76989
178.5126905,0.5316344,0.3305,0.3057,-0.173,14.774,0.094,11.5,1.361,14.342,0.284,3.8,0.7192,1,0,0000,AB,10,57543.64133551,1784100001351056826,14.917,0.035,14.289,0.049,11.214,0.166,8.394,,,,,,,,,0.725294,109.002262
178.512699,0.5316602,0.305,0.3445,-0.134,15.024,0.101,10.7,0.8322,14.739,0.286,3.8,0.9505,1,0,0000,AB,10,59727.29657454,1784100001351056826,14.917,0.035,14.289,0.049,11.214,0.166,8.394,,,,,,,,,0.730557,101.310406
178.5124636,0.5314995,0.3166,0.4025,0.1472,14.928,0.117,9.3,1.035,14.696,0.398,2.7,1.172,1,0,0000,BC,10,56648.88520464,1784100001351056826,14.917,0.035,14.289,0.049,11.214,0.166,8.394,,,,,,,,,0.733596,190.289324
178.5126976,0.5316434,0.2459,0.2771,-0.0855,14.794,0.083,13.1,1.223,15.004,0.394,2.8,0.709,1,0,0000,AC,10,60090.91437508,1784100001351056826,14.917,0.035,14.289,0.049,11.214,0.166,8.394,,,,,,,,,0.739936,105.984337
178.5126507,0.5318447,0.2895,0.3291,-0.0536,15.119,0.108,10.1,0.914,14.462,0.216,5.0,0.755,1,0,0000,AB,10,58995.10519088,1784100001351056826,14.917,0.035,14.289,0.049,11.214,0.166,8.394,,,,,,,,,0.752106,46.162366
178.5127049,0.5316588,0.3108,0.3515,-0.0798,15.0,0.105,10.3,0.7626,14.979,0.388,2.8,0.2414,1,0,0000,AC,10,59567.34025199,1784100001351056826,14.917,0.035,14.289,0.049,11.214,0.166,8.394,,,,,,,,,0.752376,101.369548
178.5125211,0.5314908,0.2962,0.3123,0.0832,14.98,0.106,10.2,1.254,14.303,0.232,4.7,0.5435,1,0,0000,AB,10,60090.65473302,1784100001351056826,14.917,0.035,14.289,0.049,11.214,0.166,8.394,,,,,,,,,0.756939,174.240847
178.5123166,0.5315959,0.5199,0.468,-0.1197,15.135,0.204,5.3,0.5133,14.172,0.441,2.5,0.6291,1,0,0000,BC,10,59567.79765006,1784100001351056826,14.917,0.035,14.289,0.049,11.214,0.166,8.394,,,,,,,,,0.759163,240.419187
178.5125703,0.5315011,0.415,0.3794,-0.1692,14.936,0.169,6.4,0.5987,14.256,0.179,6.1,0.9043,1,0,0000,BB,10,58631.88910723,1784100001351056826,14.917,0.035,14.289,0.049,11.214,0.166,8.394,,,,,,,,,0.759443,160.535128
178.5122877,0.5317033,0.2678,0.2595,-0.1239,14.535,0.088,12.4,1.328,14.612,0.255,4.3,0.7216,1,0,0000,AB,10,57014.28501237,1784100001351056826,14.917,0.035,14.289,0.049,11.214,0.166,8.394,,,,,,,,,0.764341,270.890576
178.5123277,0.5315748,0.283,0.303,0.1557,14.802,0.119,9.1,0.8774,13.959,0.138,7.9,1.119,1,0,0000,BB,10,57376.54257604,1784100001351056826,14.917,0.035,14.289,0.049,11.214,0.166,8.394,,,,,,,,,0.766722,233.995188
178.5127078,0.5316512,0.3015,0.3672,-0.0391,14.968,0.108,10.1,0.3514,14.664,0.241,4.5,0.7663,1,0,0000,AB,10,59726.70929226,1784100001351056826,14.917,0.035,14.289,0.049,11.214,0.166,8.394,,,,,,,,,0.768402,103.216476
178.512619,0.5315221,0.3002,0.3441,0.0687,15.158,0.106,10.2,0.7639,14.838,,0.9,0.9291,1,0,0000,AU,10,60090.3950911,1784100001351056826,14.917,0.035,14.289,0.049,11.214,0.166,8.394,,,,,,,,,0.770502,146.221976
178.5126401,0.5315363,0.2716,0.2784,-0.1208,14.687,0.091,11.9,0.4794,14.267,0.203,5.3,0.8507,1,0,0000,AB,5,56825.70576939,1784100001351056826,14.917,0.035,14.289,0.049,11.214,0.166,8.394,,,,,,,,,0.775665,139.443187
178.5125389,0.5314867,0.3305,0.3597,-0.1029,15.008,0.105,10.3,0.59,15.061,0.424,2.6,0.462,1,0,0000,AC,10,59203.02046087,1784100001351056826,14.917,0.035,14.289,0.049,11.214,0.166,8.394,,,,,,,,,0.780545,169.664862
178.5125217,0.5314838,0.2521,0.2558,-0.0921,14.666,0.082,13.2,0.7625,14.318,0.21,5.2,0.973,1,0,0000,AB,10,58266.9808126,1784100001351056826,14.917,0.035,14.289,0.049,11.214,0.166,8.394,,,,,,,,,0.782232,174.268661
178.5126979,0.5316092,0.3471,0.3363,-0.1375,14.91,0.118,9.2,0.9526,14.353,0.344,3.2,0.6295,1,0,0000,BB,10,59934.67737495,1784100001351056826,14.917,0.035,14.289,0.049,11.214,0.166,8.394,,,,,,,,,0.783824,114.647424
178.5125737,0.5319065,0.2743,0.3785,-0.139,14.776,0.098,11.1,0.8157,14.356,,1.5,0.2509,1,0,0000,AU,10,58472.35324609,1784100001351056826,14.917,0.035,14.289,0.049,11.214,0.166,8.394,,,,,,,,,0.789325,19.640738
178.5127075,0.5317724,0.348,0.3993,0.1303,14.991,0.141,7.7,0.8475,14.294,0.274,4.0,0.4621,1,0,0000,BB,10,59203.60888966,1784100001351056826,14.917,0.035,14.289,0.049,11.214,0.166,8.394,,,,,,,,,0.791136,70.764552
178.512687,0.5318155,0.3353,0.3823,0.0965,15.09,0.114,9.5,0.5698,14.382,0.212,5.1,0.7376,1,0,0000,BB,10,60090.97919006,1784100001351056826,14.917,0.035,14.289,0.049,11.214,0.166,8.394,,,,,,,,,0.791232,58.297466
178.5125077,0.5314796,0.2459,0.3015,-0.0397,14.719,0.1,10.9,0.9264,14.818,0.356,3.0,3.931,1,0,0000,AC,10,58267.24261938,1784100001351056826,14.917,0.035,14.289,0.049,11.214,0.166,8.394,,,,,,,,,0.793926,177.999187
178.5123611,0.5315272,0.3019,0.4124,0.1057,14.54,0.109,10.0,0.6149,14.614,,-0.5,0.5283,1,0,0000,AU,10,57743.73865909,1784100001351056826,14.917,0.035,14.289,0.049,11.214,0.166,8.394,,,,,,,,,0.798127,218.791794
178.5126523,0.5315384,0.3024,0.336,-0.0916,14.961,0.101,10.7,0.708,14.64,0.289,3.8,0.6821,1,0,0000,AB,5,59934.74257201,1784100001351056826,14.917,0.035,14.289,0.049,11.214,0.166,8.394,,,,,,,,,0.799392,136.698251
178.5124367,0.5314864,0.2994,0.3432,0.0345,14.588,0.109,10.0,1.012,13.675,0.244,4.5,1.117,1,0,0000,AB,10,57743.47672453,1784100001351056826,14.917,0.035,14.289,0.049,11.214,0.166,8.394,,,,,,,,,0.802011,196.50643
178.5123493,0.5315273,0.2464,0.2641,0.108,14.674,0.09,12.1,0.9651,14.079,0.157,6.9,0.9788,1,0,0000,AB,5,57184.25623876,1784100001351056826,14.917,0.035,14.289,0.049,11.214,0.166,8.394,,,,,,,,,0.82513,221.107103
178.5124897,0.5314706,0.2681,0.3015,0.0431,14.666,0.09,12.1,0.8276,14.412,0.325,3.3,0.3965,1,0,0000,AB,10,57741.05322417,1784100001351056826,14.917,0.035,14.289,0.049,11.214,0.166,8.394,,,,,,,,,0.826674,182.570728
178.5126255,0.5315074,0.4107,0.3981,0.1054,15.113,0.124,8.8,0.5557,14.028,,1.1,0.4353,1,0,0000,BU,10,58472.02611472,1784100001351056826,14.917,0.035,14.289,0.049,11.214,0.166,8.394,,,,,,,,,0.82756,146.912478
178.5126119,0.5319013,0.3776,0.4747,0.1225,15.153,0.14,7.8,0.4088,14.622,0.306,3.5,1.12,1,0,0000,BB,10,59567.47102811,1784100001351056826,14.917,0.035,14.289,0.049,11.214,0.166,8.394,,,,,,,,,0.829111,29.068053
178.5127115,0.5316084,0.445,0.4712,0.0338,15.216,0.142,7.6,0.7618,14.563,,1.5,0.7247,1,0,0000,BU,10,59203.2820131,1784100001351056826,14.917,0.035,14.289,0.049,11.214,0.166,8.394,,,,,,,,,0.829714,113.418187
178.5126965,0.531827,0.2315,0.2771,-0.0437,14.737,0.081,13.4,1.565,14.545,0.33,3.3,0.4509,1,0,0000,AB,10,60091.10856545,1784100001351056826,14.917,0.035,14.289,0.049,11.214,0.166,8.394,,,,,,,,,0.842263,57.123866
178.5122773,0.5316243,0.2484,0.265,0.0332,14.643,0.091,11.9,1.183,14.455,0.29,3.7,1.095,1,0,0000,AB,5,57543.05163345,1784100001351056826,14.917,0.035,14.289,0.049,11.214,0.166,8.394,,,,,,,,,0.846738,251.225367
178.5124336,0.5314736,0.317,0.427,0.1153,15.105,0.116,9.4,0.9892,14.595,0.294,3.7,0.9086,1,0,0000,BB,5,59935.13286301,1784100001351056826,14.917,0.035,14.289,0.049,11.214,0.166,8.394,,,,,,,,,0.849367,196.34502
178.512652,0.5315131,0.2835,0.3156,-0.0753,14.924,0.095,11.4,1.117,14.692,0.278,3.9,0.8074,1,0,0000,AB,10,58995.62880396,1784100001351056826,14.917,0.035,14.289,0.049,11.214,0.166,8.394,,,,,,,,,0.867247,140.880813
178.5125822,0.5314725,0.3359,0.3678,-0.1249,15.038,0.109,10.0,0.4531,14.959,0.386,2.8,0.9039,1,0,0000,AC,10,59934.28657464,1784100001351056826,14.917,0.035,14.289,0.049,11.214,0.166,8.394,,,,,,,,,0.870818,160.135053
178.5126294,0.5319077,0.5315,0.5107,-0.2252,15.042,0.242,4.5,0.8429,14.448,0.24,4.5,0.7246,1,0,0000,BB,10,58996.08658356,1784100001351056826,14.917,0.035,14.289,0.049,11.214,0.166,8.394,,,,,,,,,0.880951,31.922374
178.5126777,0.5315296,0.2496,0.2382,-0.1115,14.593,0.078,14.0,0.7746,14.135,0.179,6.1,0.8786,1,0,0000,AB,10,57184.51868178,1784100001351056826,14.917,0.035,14.289,0.049,11.214,0.166,8.394,,,,,,,,,0.886291,133.799858
178.5126822,0.5315192,0.253,0.3139,0.0848,14.881,0.096,11.3,0.5847,14.219,0.239,4.5,0.3363,1,0,0000,AB,10,58107.77851926,1784100001351056826,14.917,0.035,14.289,0.049,11.214,0.166,8.394,,,,,,,,,0.924035,134.780258
178.5126355,0.531478,0.3416,0.3826,0.1471,14.941,0.126,8.6,1.51,14.432,0.232,4.7,0.7988,1,0,0000,BB,10,58839.02383421,1784100001351056826,14.917,0.035,14.289,0.049,11.214,0.166,8.394,,,,,,,,,0.936294,148.60286
178.5122623,0.5315937,0.4446,0.4444,-0.1005,15.103,0.207,5.2,1.373,14.087,0.214,5.1,0.8497,1,0,0000,BB,10,57744.06617286,1784100001351056826,14.917,0.035,14.289,0.049,11.214,0.166,8.394,,,,,,,,,0.937358,245.904776
178.512665,0.531497,0.2821,0.3787,-0.148,14.667,0.114,9.5,1.346,14.233,0.284,3.8,0.4182,1,0,0000,BB,10,59934.87283881,1784100001351056826,14.917,0.035,14.289,0.049,11.214,0.166,8.394,,,,,,,,,0.941742,140.896723
178.5123807,0.5314577,0.2339,0.2954,-0.0369,14.72,0.095,11.4,0.9668,14.455,0.22,4.9,0.6787,1,0,0000,AB,5,56826.03468311,1784100001351056826,14.917,0.035,14.289,0.049,11.214,0.166,8.394,,,,,,,,,0.972269,206.213037
178.5127634,0.5317669,0.3161,0.3601,0.0853,14.614,0.112,9.7,0.7944,13.647,,2.0,0.6542,1,0,0000,BU,10,57743.60775546,1784100001351056826,14.917,0.035,14.289,0.049,11.214,0.166,8.394,,,,,,,,,0.978308,75.748404
178.512744,0.5315801,0.2417,0.2651,-0.0659,14.743,0.085,12.8,0.684,14.523,0.223,4.9,0.6573,1,0,0000,AB,10,57377.13278992,1784100001351056826,14.917,0.035,14.289,0.049,11.214,0.166,8.394,,,,,,,,,0.97869,116.170174
178.5127742,0.5316835,0.4365,0.3929,0.1639,15.033,0.151,7.2,0.7327,14.771,0.451,2.4,0.8593,1,0,0000,BC,10,58995.6941283,1784100001351056826,14.917,0.035,14.289,0.049,11.214,0.166,8.394,,,,,,,,,0.988864,93.443771
178.5126346,0.5319438,0.2861,0.3805,-0.0635,14.865,0.122,8.9,0.7856,14.428,0.222,4.9,0.5411,1,0,0000,BB,10,59726.90501058,1784100001351056826,14.917,0.035,14.289,0.049,11.214,0.166,8.394,,,,,,,,,1.002545,28.901687
178.5126939,0.5314985,0.3399,0.32,-0.0421,14.826,0.114,9.5,1.05,14.42,0.231,4.7,1.112,1,0,0000,BB,10,56825.57422961,1784100001351056826,14.917,0.035,14.289,0.049,11.214,0.166,8.394,,,,,,,,,1.006687,136.10238
178.5127095,0.5315138,0.2952,0.2995,0.0607,14.874,0.101,10.8,1.423,14.31,0.206,5.3,0.6337,1,0,0000,AB,10,58839.08928594,1784100001351056826,14.917,0.035,14.289,0.049,11.214,0.166,8.394,,,,,,,,,1.009007,131.631368
178.5126135,0.5319594,0.3866,0.5123,-0.2054,15.055,0.143,7.6,1.018,15.172,0.441,2.5,0.8025,1,0,0000,BC,10,59726.57877036,1784100001351056826,14.917,0.035,14.289,0.049,11.214,0.166,8.394,,,,,,,,,1.019314,23.630788
178.5126625,0.5314631,0.2491,0.2998,0.0993,14.969,0.095,11.4,0.6885,14.261,0.186,5.8,0.6681,1,0,0000,AB,10,59726.64409527,1784100001351056826,14.917,0.035,14.289,0.049,11.214,0.166,8.394,,,,,,,,,1.034183,145.553231
178.5127817,0.5316364,0.5788,0.5898,-0.3756,15.212,0.202,5.4,0.5049,14.497,0.315,3.5,0.5542,1,0,0000,BB,10,59567.92829943,1784100001351056826,14.917,0.035,14.289,0.049,11.214,0.166,8.394,,,,,,,,,1.039604,102.723011
178.5127818,0.5317846,0.2974,0.3243,0.1639,14.891,0.1,10.9,1.214,14.113,0.169,6.4,0.561,1,0,0000,AB,10,57903.7514895,1784100001351056826,14.917,0.035,14.289,0.049,11.214,0.166,8.394,,,,,,,,,1.05917,73.288884
178.5127968,0.5317224,0.3241,0.3561,-0.0224,15.139,0.118,9.2,0.7391,14.352,0.184,5.9,1.038,1,0,0000,BB,5,58996.0864562,1784100001351056826,14.917,0.035,14.289,0.049,11.214,0.166,8.394,,,,,,,,,1.071474,85.683786
178.512742,0.5315029,0.3171,0.3586,-0.0905,14.941,0.107,10.2,0.5815,14.796,0.377,2.9,1.124,1,0,0000,AC,10,59568.05894823,1784100001351056826,14.917,0.035,14.289,0.049,11.214,0.166,8.394,,,,,,,,,1.123567,129.162741
178.5127211,0.5314544,0.2991,0.3684,-0.1251,14.837,0.109,10.0,1.198,14.067,0.224,4.8,0.8514,1,0,0000,AB,5,57377.00163127,1784100001351056826,14.917,0.035,14.289,0.049,11.214,0.166,8.394,,,,,,,,,1.189636,138.00628
178.5128328,0.5316568,0.272,0.2963,0.057,14.627,0.112,9.7,1.177,14.774,0.503,2.2,0.7342,1,0,0000,BC,5,59362.6265245,1784100001351056826,14.917,0.035,14.289,0.049,11.214,0.166,8.394,,,,,,,,,1.208079,97.39639
178.5127165,0.5314222,0.3258,0.4803,-0.1433,14.974,0.141,7.7,1.343,14.397,0.251,4.3,0.698,1,0,0000,BB,10,56648.48994694,1784100001351056826,14.917,0.035,14.289,0.049,11.214,0.166,8.394,,,,,,,,,1.267901,142.070566
178.5126532,0.5313621,0.3562,0.4087,0.1088,14.968,0.139,7.8,0.4711,14.151,0.191,5.7,0.7118,1,0,0000,BB,10,60091.49809204,1784100001351056826,14.917,0.035,14.289,0.049,11.214,0.166,8.394,,,,,,,,,1.335617,155.61193
178.5128457,0.5318552,0.3171,0.2974,-0.0263,14.807,0.097,11.2,0.4211,14.175,0.205,5.3,0.7931,1,0,0000,AB,10,56825.44256255,1784100001351056826,14.917,0.035,14.289,0.049,11.214,0.166,8.394,,,,,,,,,1.364135,65.821658
178.5128813,0.5316862,0.5786,0.6212,-0.2181,15.024,0.185,5.9,0.9981,14.341,0.523,2.1,0.6038,1,0,0000,BC,10,60094.48378509,1784100001351056826,14.917,0.035,14.289,0.049,11.214,0.166,8.394,,,,,,,,,1.373521,92.07283
178.5122355,0.5313855,0.4639,0.4169,-0.0687,15.114,0.163,6.7,1.829,14.637,0.265,4.1,0.6022,1,0,0000,BB,5,57543.77236615,1784100001351056826,14.917,0.035,14.289,0.049,11.214,0.166,8.394,,,,,,,,,1.479353,220.063209
178.5124227,0.5312897,0.3153,0.408,0.1572,14.906,0.118,9.2,1.472,14.815,0.441,2.5,0.7187,1,0,0000,BC,10,59934.54659889,1784100001351056826,14.917,0.035,14.289,0.049,11.214,0.166,8.394,,,,,,,,,1.503062,190.668944
178.5129754,0.5317033,0.5179,0.5041,-0.0465,15.535,0.245,4.4,0.8345,13.9,0.184,5.9,0.6663,1,0,0000,BB,10,57740.59467941,1784100001351056826,14.917,0.035,14.289,0.049,11.214,0.166,8.394,,,,,,,,,1.711407,89.602267
178.512688,0.5311841,0.5108,0.6058,-0.0844,15.153,0.209,5.2,1.494,15.107,0.515,2.1,0.3775,1,0,0000,BC,10,58839.15461029,1784100001351056826,14.917,0.035,14.289,0.049,11.214,0.166,8.394,,,,,,,,,1.976705,159.978459
